Solute,E,S,A,B,V,LogLC
Methanol,0.278,0.44,0.43,0.47,0.308,0.32
2-Methyl-1-propanol,0.217,0.39,0.37,0.48,0.731,1.67
1-Pentanol,0.219,0.42,0.37,0.48,0.872,2.13
1-Decanol,0.191,0.42,0.37,0.48,1.576,4.5
Ethylene glycol,0.404,0.9,0.58,0.78,0.508,0.34
Cyclohexanol,0.46,0.54,0.32,0.57,0.904,1.96
Diethyl phthalate,0.729,1.4,0,0.88,1.711,3.31
Diphenyl ether,1.216,1.08,0,0.2,1.383,5
"1,4-Dioxane",0.329,0.75,0,0.64,0.681,0.95
Dichloromethane,0.387,0.57,0.1,0.05,0.494,2.59
Carbon tetrachloride,0.458,0.38,0,0,0.739,3.76
"1,2-Dichloroethane",0.416,0.64,0.1,0.11,0.635,2.36
"1,1,1-Trichloroethane",0.369,0.41,0,0.09,0.758,3.27
"1,1,2-Trichloroethane",0.499,0.68,0.13,0.08,0.758,3.52
"1,1,2,2-Tetrachloroethane",0.595,0.76,0.16,0.12,0.88,3.9
Pentachloroethane,0.648,0.66,0.17,0.06,1.002,4.45
Hexachloroethane,0.68,0.68,0,0,1.125,5.38
Trichloroethene,0.524,0.4,0.08,0.03,0.715,3.47
Tetrachloroethene,0.639,0.28,0,0,0.837,4.11
Chlorobenzene,0.72,0.65,0,0.07,0.839,3.85
"1,2-Dichlorobenzene",0.872,0.78,0,0.04,0.961,4.42
"1,3-Dichlorobenzene",0.847,0.73,0,0.02,0.961,4.47
"1,4-Dichlorobenzene",0.825,0.75,0,0.02,0.961,4.53
"1,2,4-Trichlorobenzene",0.98,0.81,0,0,1.084,4.73
"1,2,3,5-Tetrachlorobenzene",1.16,0.85,0,0,1.206,4.53
"1,2,4,5-Tetrachlorobenzene",1.16,0.86,0,0,1.206,5.13
Pentachlorobenzene,1.33,0.96,0,0,1.328,6
Toluene,0.601,0.52,0,0.14,0.857,3.85
"1,2-Dimethylbenzene",0.663,0.56,0,0.16,0.998,3.82
Ethylbenzene,0.613,0.51,0,0.15,0.998,3.52
Acenaphthene,1.604,1.04,0,0.2,1.259,4.96
Cyclohexane,0.305,0.1,0,0,0.845,3.39
Benzonitrile,0.74,1.1,0,0.33,0.871,3.12
Nitrobenzene,0.871,1.11,0,0.28,0.891,3.46
Phenol,0.81,0.89,0.6,0.3,0.775,3.6
2-Methylphenol,0.84,0.86,0.52,0.3,0.916,3.72
"2,4-Dimethylphenol",0.843,0.8,0.53,0.39,1.057,4.2
2-Chlorophenol,0.853,0.88,0.32,0.31,0.898,4.29
4-Chlorophenol,0.92,1.08,0.67,0.2,0.898,4.53
"2,4-Dichlorophenol",0.96,0.99,0.58,0.14,1.02,4.91
"2,4,6-Trichlorophenol",1.01,1.01,0.82,0.08,1.142,5.79
Pentachlorophenol,1.217,0.86,0.61,0.09,1.387,6.7
2-Nitrophenol,1.015,1.05,0.05,0.37,0.949,3.32
4-Nitrophenol,1.07,1.72,0.82,0.26,0.949,4.22
Dimethyl sulfoxide,0.522,1.72,0,0.97,0.613,-0.71
Isoprene,0.313,0.23,0,0.1,0.727,3.2
2-Ethyl-1-hexanol,0.209,0.39,0.37,0.48,1.295,4.12
1-Chloronaphthalene,1.417,1,0,0.14,1.208,4.85
"1,1-Dichloroethane",0.322,0.49,0.1,0.1,0.635,3.12
3-Chloro-1-propene,0.327,0.56,0,0.05,0.632,3.26
Aniline,0.96,0.96,0.26,0.41,0.816,3.28
Biphenyl,1.36,0.99,0,0.26,1.324,4.52
2-Butoxyethanol,0.201,0.5,0.3,0.83,1.072,1.9
Monuron,1.14,1.5,0.47,0.78,1.477,3.78
Fluometron,0.65,1.19,0.41,0.79,1.548,3.75
Dimethyl phthalate,0.78,1.4,0,0.84,1.429,3.59
Dibutyl phthalate,0.7,1.4,0,0.86,2.274,5.37
"2,2,2-Trichloroethanol",0.558,1.01,0.5,0.3,0.816,2.87
"2-Methyl-4,6-dichlorophenol",0.95,0.87,0.38,0.21,1.161,5.04